Original Name,Column_Prefix,Column_Suffix,New_Name_Formula,New_Name
record - Record number,ID,,ID,ID
"Q1r1 - To begin, what is your age?",age,,age,age
Q4 - What is your gender?,gender,,gender,gender
age - you are...,age,range,age_range,age_range
Q2 - In which state do you currently reside?,state,,state,state
region - Region,region,,region,region
QNEW3 - What is your employment status?,employment,status,employment_status,employment_status
Q5 - Which category best describes your ethnicity?,ethnicity,,ethnicity,ethnicity
QNEW1 - Do you have children living in your home (excluding yourself if you are under 18)?,children,,children,children
QNEW2 - How old are the children in your home?-0-4 years,children,0-4,children_0-4,children_0-4
QNEW2 - How old are the children in your home?-5-9 years,children,5-9,children_5-9,children_5-9
QNEW2 - How old are the children in your home?-10-13 years,children,10-13,children_10-13,children_10-13
QNEW2 - How old are the children in your home?-14-18 years,children,14-18,children_14-18,children_14-18
QNEW2 - How old are the children in your home?-19-25 years,children,19-25,children_19-25,children_19-25
QNEW2 - How old are the children in your home?-26+ years,children,26-over,children_26-over,children_26-over
QNEW2 - How old are the children in your home?-Don't Know,children,unknown,children_unknown,children_unknown
"Q6 - Into which of the following categories does your total annual household income fall before taxes? Again, we promise to keep this, and all your answers, completely confidential.",income,,income,income
Q8 - Which of the following media or home entertainment equipment does your household own?-Flat panel television,home_entertainment_equipment,flat_panel_tv,home_entertainment_equipment_flat_panel_tv,home_entertainment_equipment_flat_panel_tv
Q8 - Which of the following media or home entertainment equipment does your household own?-Digital video recorder (DVR),home_entertainment_equipment,dvr,home_entertainment_equipment_dvr,home_entertainment_equipment_dvr
Q8 - Which of the following media or home entertainment equipment does your household own?-Streaming media box or over-the-top box,home_entertainment_equipment,streaming_box,home_entertainment_equipment_streaming_box,home_entertainment_equipment_streaming_box
Q8 - Which of the following media or home entertainment equipment does your household own?-Portable streaming thumb drive/fob,home_entertainment_equipment,streaming_fob,home_entertainment_equipment_streaming_fob,home_entertainment_equipment_streaming_fob
Q8 - Which of the following media or home entertainment equipment does your household own?-Over-the-air digital TV antenna (for free access to network broadcast without pay TV subscription),home_entertainment_equipment,tv_antenna,home_entertainment_equipment_tv_antenna,home_entertainment_equipment_tv_antenna
Q8 - Which of the following media or home entertainment equipment does your household own?-Blu-ray disc player/DVD player,home_entertainment_equipment,bluray_dvd_player,home_entertainment_equipment_bluray_dvd_player,home_entertainment_equipment_bluray_dvd_player
Q8 - Which of the following media or home entertainment equipment does your household own?-Gaming console,home_entertainment_equipment,gaming_console,home_entertainment_equipment_gaming_console,home_entertainment_equipment_gaming_console
Q8 - Which of the following media or home entertainment equipment does your household own?-Portable video game player,home_entertainment_equipment,portable_game_console,home_entertainment_equipment_portable_game_console,home_entertainment_equipment_portable_game_console
Q8 - Which of the following media or home entertainment equipment does your household own?-Computer network/router in your home for wireless computer/laptop usage,home_entertainment_equipment,router,home_entertainment_equipment_router,home_entertainment_equipment_router
Q8 - Which of the following media or home entertainment equipment does your household own?-Desktop computer,home_entertainment_equipment,desktop,home_entertainment_equipment_desktop,home_entertainment_equipment_desktop
Q8 - Which of the following media or home entertainment equipment does your household own?-Laptop computer,home_entertainment_equipment,laptop,home_entertainment_equipment_laptop,home_entertainment_equipment_laptop
Q8 - Which of the following media or home entertainment equipment does your household own?-Tablet,home_entertainment_equipment,tablet,home_entertainment_equipment_tablet,home_entertainment_equipment_tablet
Q8 - Which of the following media or home entertainment equipment does your household own?-Dedicated e-book reader,home_entertainment_equipment,e-reader,home_entertainment_equipment_e-reader,home_entertainment_equipment_e-reader
Q8 - Which of the following media or home entertainment equipment does your household own?-Smartphone,home_entertainment_equipment,smartphone,home_entertainment_equipment_smartphone,home_entertainment_equipment_smartphone
Q8 - Which of the following media or home entertainment equipment does your household own?-Basic mobile phone (not a smartphone),home_entertainment_equipment,mobile_phone,home_entertainment_equipment_mobile_phone,home_entertainment_equipment_mobile_phone
Q8 - Which of the following media or home entertainment equipment does your household own?-Smart watch,home_entertainment_equipment,smartwatch,home_entertainment_equipment_smartwatch,home_entertainment_equipment_smartwatch
Q8 - Which of the following media or home entertainment equipment does your household own?-Fitness band,home_entertainment_equipment,fitness_band,home_entertainment_equipment_fitness_band,home_entertainment_equipment_fitness_band
Q8 - Which of the following media or home entertainment equipment does your household own?-Virtual reality headset,home_entertainment_equipment,vr_headset,home_entertainment_equipment_vr_headset,home_entertainment_equipment_vr_headset
Q8 - Which of the following media or home entertainment equipment does your household own?-Drone,home_entertainment_equipment,drone,home_entertainment_equipment_drone,home_entertainment_equipment_drone
Q8 - Which of the following media or home entertainment equipment does your household own?-None of the above,home_entertainment_equipment,none,home_entertainment_equipment_none,home_entertainment_equipment_none
Q8 - Which of the following media or home entertainment equipment does your household own?-Don't Know,home_entertainment_equipment,unknown,home_entertainment_equipment_unknown,home_entertainment_equipment_unknown
"Q10 - Of those products you indicated you do not currently own, which of the following do you plan to purchase in the next 12 months?-Flat panel television",plan_to_purchase,flat_panel_tv,plan_to_purchase_flat_panel_tv,plan_to_purchase_flat_panel_tv
"Q10 - Of those products you indicated you do not currently own, which of the following do you plan to purchase in the next 12 months?-Digital video recorder (DVR)",plan_to_purchase,dvr,plan_to_purchase_dvr,plan_to_purchase_dvr
"Q10 - Of those products you indicated you do not currently own, which of the following do you plan to purchase in the next 12 months?-Streaming media box or over-the-top box",plan_to_purchase,streaming_box,plan_to_purchase_streaming_box,plan_to_purchase_streaming_box
"Q10 - Of those products you indicated you do not currently own, which of the following do you plan to purchase in the next 12 months?-Portable streaming thumb drive/fob",plan_to_purchase,streaming_fob,plan_to_purchase_streaming_fob,plan_to_purchase_streaming_fob
"Q10 - Of those products you indicated you do not currently own, which of the following do you plan to purchase in the next 12 months?-Over-the-air digital TV antenna (for free access to network broadcast without pay TV subscription)",plan_to_purchase,tv_antenna,plan_to_purchase_tv_antenna,plan_to_purchase_tv_antenna
"Q10 - Of those products you indicated you do not currently own, which of the following do you plan to purchase in the next 12 months?-Blu-ray disc player/DVD player",plan_to_purchase,bluray_dvd_player,plan_to_purchase_bluray_dvd_player,plan_to_purchase_bluray_dvd_player
"Q10 - Of those products you indicated you do not currently own, which of the following do you plan to purchase in the next 12 months?-Gaming console",plan_to_purchase,gaming_console,plan_to_purchase_gaming_console,plan_to_purchase_gaming_console
"Q10 - Of those products you indicated you do not currently own, which of the following do you plan to purchase in the next 12 months?-Portable video game player",plan_to_purchase,portable_game_console,plan_to_purchase_portable_game_console,plan_to_purchase_portable_game_console
"Q10 - Of those products you indicated you do not currently own, which of the following do you plan to purchase in the next 12 months?-Computer network/router in your home for wireless computer/laptop usage",plan_to_purchase,router,plan_to_purchase_router,plan_to_purchase_router
"Q10 - Of those products you indicated you do not currently own, which of the following do you plan to purchase in the next 12 months?-Desktop computer",plan_to_purchase,desktop,plan_to_purchase_desktop,plan_to_purchase_desktop
"Q10 - Of those products you indicated you do not currently own, which of the following do you plan to purchase in the next 12 months?-Laptop computer",plan_to_purchase,laptop,plan_to_purchase_laptop,plan_to_purchase_laptop
"Q10 - Of those products you indicated you do not currently own, which of the following do you plan to purchase in the next 12 months?-Tablet",plan_to_purchase,tablet,plan_to_purchase_tablet,plan_to_purchase_tablet
"Q10 - Of those products you indicated you do not currently own, which of the following do you plan to purchase in the next 12 months?-Dedicated e-book reader",plan_to_purchase,e-reader,plan_to_purchase_e-reader,plan_to_purchase_e-reader
"Q10 - Of those products you indicated you do not currently own, which of the following do you plan to purchase in the next 12 months?-Smartphone",plan_to_purchase,smartphone,plan_to_purchase_smartphone,plan_to_purchase_smartphone
"Q10 - Of those products you indicated you do not currently own, which of the following do you plan to purchase in the next 12 months?-Basic mobile phone (not a smartphone)",plan_to_purchase,mobile_phone,plan_to_purchase_mobile_phone,plan_to_purchase_mobile_phone
"Q10 - Of those products you indicated you do not currently own, which of the following do you plan to purchase in the next 12 months?-Smart watch",plan_to_purchase,smartwatch,plan_to_purchase_smartwatch,plan_to_purchase_smartwatch
"Q10 - Of those products you indicated you do not currently own, which of the following do you plan to purchase in the next 12 months?-Fitness band",plan_to_purchase,fitness_band,plan_to_purchase_fitness_band,plan_to_purchase_fitness_band
"Q10 - Of those products you indicated you do not currently own, which of the following do you plan to purchase in the next 12 months?-Virtual reality headset",plan_to_purchase,vr_headset,plan_to_purchase_vr_headset,plan_to_purchase_vr_headset
"Q10 - Of those products you indicated you do not currently own, which of the following do you plan to purchase in the next 12 months?-Drone",plan_to_purchase,drone,plan_to_purchase_drone,plan_to_purchase_drone
"Q10 - Of those products you indicated you do not currently own, which of the following do you plan to purchase in the next 12 months?-None of the above",plan_to_purchase,none,plan_to_purchase_none,plan_to_purchase_none
"Q10 - Of those products you indicated you do not currently own, which of the following do you plan to purchase in the next 12 months?-Don't Know",plan_to_purchase,unknown,plan_to_purchase_unknown,plan_to_purchase_unknown
"Q11r1 - Flat panel television - Of the products you indicated you own, which [totalcount] do you value the most? Please rank the top [totalcount], with ""1"" being the most valued. Make your selections by clicking each item in the order you wish to rank. Th",rank_product,flat_panel_tv,rank_product_flat_panel_tv,rank_product_flat_panel_tv
"Q11r2 - Digital video recorder (DVR) - Of the products you indicated you own, which [totalcount] do you value the most? Please rank the top [totalcount], with ""1"" being the most valued. Make your selections by clicking each item in the order you wish to ra",rank_product,dvr,rank_product_dvr,rank_product_dvr
"Q11r3 - Streaming media box or over-the-top box - Of the products you indicated you own, which [totalcount] do you value the most? Please rank the top [totalcount], with ""1"" being the most valued. Make your selectio",rank_product,streaming_box,rank_product_streaming_box,rank_product_streaming_box
"Q11r4 - Portable streaming thumb drive/fob - Of the products you indicated you own, which [totalcount] do you value the most? Please rank the top [totalcount], with ""1"" being the most valued. M",rank_product,streaming_fob,rank_product_streaming_fob,rank_product_streaming_fob
"Q11rNew1 - Over-the-air digital TV antenna (for free access to network broadcast without pay TV subscription) - Of the products you indicated you own, which [totalcount] do you value the most? Please rank the top [totalcount], with ""1"" being the most value",rank_product,tv_antenna,rank_product_tv_antenna,rank_product_tv_antenna
"Q11r5 - Blu-ray disc player/DVD player - Of the products you indicated you own, which [totalcount] do you value the most? Please rank the top [totalcount], with ""1"" being the most valued. Make your selections by clicking each item in the order you wish to",rank_product,bluray_dvd_player,rank_product_bluray_dvd_player,rank_product_bluray_dvd_player
"Q11r6 - Gaming console - Of the products you indicated you own, which [totalcount] do you value the most? Please rank the top [totalcount], with ""1"" being the most valued. Make your selections by clicking each item in the order you wish",rank_product,gaming_console,rank_product_gaming_console,rank_product_gaming_console
"Q11r7 - Portable video game player - Of the products you indicated you own, which [totalcount] do you value the most? Please rank the top [totalcount], with ""1"" being the most valued. Make your selections by clicking each",rank_product,portable_game_console,rank_product_portable_game_console,rank_product_portable_game_console
"Q11r8 - Computer network/router in your home for wireless computer/laptop usage - Of the products you indicated you own, which [totalcount] do you value the most? Please rank the top [totalcount], with ""1"" being the most va",rank_product,router,rank_product_router,rank_product_router
"Q11r9 - Desktop computer - Of the products you indicated you own, which [totalcount] do you value the most? Please rank the top [totalcount], with ""1"" being the most valued. Make your selections by clicking each item in the order you wish to rank. The fir",rank_product,desktop,rank_product_desktop,rank_product_desktop
"Q11r10 - Laptop computer - Of the products you indicated you own, which [totalcount] do you value the most? Please rank the top [totalcount], with ""1"" being the most valued. Make your selections by clicking each item in the order you wish to rank. The fir",rank_product,laptop,rank_product_laptop,rank_product_laptop
"Q11r12 - Tablet - Of the products you indicated you own, which [totalcount] do you value the most? Please rank the top [totalcount], with ""1"" being the most valued. Make your selections by clicking each item in the orde",rank_product,tablet,rank_product_tablet,rank_product_tablet
"Q11r14 - Dedicated e-book reader - Of the products you indicated you own, which [totalcount] do you value the most? Please rank the top [totalcount], with ""1"" being the most valued. Make your selections by clicking each item in",rank_product,e-reader,rank_product_e-reader,rank_product_e-reader
"Q11r15 - Smartphone - Of the products you indicated you own, which [totalcount] do you value the most? Please rank the top [totalcount], with ""1"" being the most valued. Make your selections by clicking each item in th",rank_product,smartphone,rank_product_smartphone,rank_product_smartphone
"Q11r17 - Basic mobile phone (not a smartphone) - Of the products you indicated you own, which [totalcount] do you value the most? Please rank the top [totalcount], with ""1"" being the most valued. Make your selections by clicking each item in the order you",rank_product,mobile_phone,rank_product_mobile_phone,rank_product_mobile_phone
"Q11r18 - Smart watch - Of the products you indicated you own, which [totalcount] do you value the most? Please rank the top [totalcount], with ""1"" being the most valued. Make your selections by clicking each item i",rank_product,smartwatch,rank_product_smartwatch,rank_product_smartwatch
"Q11r19 - Fitness band - Of the products you indicated you own, which [totalcount] do you value the most? Please rank the top [totalcount], with ""1"" being the most valued. Make your selections by clicking each item in the order",rank_product,fitness_band,rank_product_fitness_band,rank_product_fitness_band
"Q11rNew2 - Virtual reality headset - Of the products you indicated you own, which [totalcount] do you value the most? Please rank the top [totalcount], with ""1"" being the most valued. Make your sele",rank_product,vr_headset,rank_product_vr_headset,rank_product_vr_headset
"Q11rNew3 - Drone - Of the products you indicated you own, which [totalcount] do you value the most? Please rank the top [totalcount], with ""1"" being the most valued. Make your selections by clicking each item in the order you wish to rank. The first item",rank_product,drone,rank_product_drone,rank_product_drone
"Q11r22 - Placeholder - Of the products you indicated you own, which [totalcount] do you value the most? Please rank the top [totalcount], with ""1"" being the most valued. Make your selections by clicking each item in the order you wish to rank. The first i",rank_product,placeholder,rank_product_placeholder,rank_product_placeholder
"Q15r1 - Smartphone - Of the time you spend watching movies, what percentage of time do you watch on the following devices?",pct_watch_movies,smartphone,pct_watch_movies_smartphone,pct_watch_movies_smartphone
"Q15r2 - Tablet - Of the time you spend watching movies, what percentage of time do you watch on the following devices?",pct_watch_movies,tablet,pct_watch_movies_tablet,pct_watch_movies_tablet
"Q15r3 - Laptop/Desktop - Of the time you spend watching movies, what percentage of time do you watch on the following devices?",pct_watch_movies,computer,pct_watch_movies_computer,pct_watch_movies_computer
"Q15r4 - Television - Of the time you spend watching movies, what percentage of time do you watch on the following devices?",pct_watch_movies,television,pct_watch_movies_television,pct_watch_movies_television
"Q16r1 - Smartphone - Of the time you spend watching sports, what percentage of time do you watch on the following devices?",pct_watch_sports,smartphone,pct_watch_sports_smartphone,pct_watch_sports_smartphone
"Q16r2 - Tablet - Of the time you spend watching sports, what percentage of time do you watch on the following devices?",pct_watch_sports,tablet,pct_watch_sports_tablet,pct_watch_sports_tablet
"Q16r3 - Laptop/Desktop - Of the time you spend watching sports, what percentage of time do you watch on the following devices?",pct_watch_sports,computer,pct_watch_sports_computer,pct_watch_sports_computer
"Q16r4 - Television - Of the time you spend watching sports, what percentage of time do you watch on the following devices?",pct_watch_sports,television,pct_watch_sports_television,pct_watch_sports_television
"Q17r1 - Smartphone - Of the time you spend watching TV shows , what percentage of time do you watch on the following devices?",pct_watch_tv,smartphone,pct_watch_tv_smartphone,pct_watch_tv_smartphone
"Q17r2 - Tablet - Of the time you spend watching TV shows , what percentage of time do you watch on the following devices?",pct_watch_tv,tablet,pct_watch_tv_tablet,pct_watch_tv_tablet
"Q17r3 - Laptop/Desktop - Of the time you spend watching TV shows , what percentage of time do you watch on the following devices?",pct_watch_tv,computer,pct_watch_tv_computer,pct_watch_tv_computer
"Q17r4 - Television - Of the time you spend watching TV shows , what percentage of time do you watch on the following devices?",pct_watch_tv,television,pct_watch_tv_television,pct_watch_tv_television
Q22 - What types of apps do you use frequently (everyday/weekly) on your smartphone?-Photo/video,app_type,photo,app_type_photo,app_type_photo
Q22 - What types of apps do you use frequently (everyday/weekly) on your smartphone?-Banking,app_type,banking,app_type_banking,app_type_banking
Q22 - What types of apps do you use frequently (everyday/weekly) on your smartphone?-Fitness/health,app_type,fitness_band,app_type_fitness_band,app_type_fitness_band
Q22 - What types of apps do you use frequently (everyday/weekly) on your smartphone?-Food/drink,app_type,food,app_type_food,app_type_food
Q22 - What types of apps do you use frequently (everyday/weekly) on your smartphone?-Retail/shopping,app_type,retail,app_type_retail,app_type_retail
Q22 - What types of apps do you use frequently (everyday/weekly) on your smartphone?-Navigation,app_type,navigation,app_type_navigation,app_type_navigation
Q22 - What types of apps do you use frequently (everyday/weekly) on your smartphone?-Social networks,app_type,social,app_type_social,app_type_social
Q22 - What types of apps do you use frequently (everyday/weekly) on your smartphone?-Reading books,app_type,reading,app_type_reading,app_type_reading
Q22 - What types of apps do you use frequently (everyday/weekly) on your smartphone?-Streaming music,app_type,music,app_type_music,app_type_music
Q22 - What types of apps do you use frequently (everyday/weekly) on your smartphone?-Streaming video,app_type,video,app_type_video,app_type_video
Q22 - What types of apps do you use frequently (everyday/weekly) on your smartphone?-Reviews/guides,app_type,review,app_type_review,app_type_review
Q22 - What types of apps do you use frequently (everyday/weekly) on your smartphone?-News consolidator,app_type,news_consolidator,app_type_news_consolidator,app_type_news_consolidator
Q22 - What types of apps do you use frequently (everyday/weekly) on your smartphone?-Newspaper/news broadcaster,app_type,newspaper,app_type_newspaper,app_type_newspaper
Q22 - What types of apps do you use frequently (everyday/weekly) on your smartphone?-Magazines,app_type,magezine,app_type_magezine,app_type_magezine
Q22 - What types of apps do you use frequently (everyday/weekly) on your smartphone?-Diagnostic/utilities,app_type,utilities,app_type_utilities,app_type_utilities
Q22 - What types of apps do you use frequently (everyday/weekly) on your smartphone?-QR Reader,app_type,qr_scanner,app_type_qr_scanner,app_type_qr_scanner
Q22 - What types of apps do you use frequently (everyday/weekly) on your smartphone?-Travel,app_type,travel,app_type_travel,app_type_travel
Q22 - What types of apps do you use frequently (everyday/weekly) on your smartphone?-Transportation,app_type,transportation,app_type_transportation,app_type_transportation
Q22 - What types of apps do you use frequently (everyday/weekly) on your smartphone?-Location,app_type,location,app_type_location,app_type_location
Q22 - What types of apps do you use frequently (everyday/weekly) on your smartphone?-Language,app_type,language,app_type_language,app_type_language
Q22 - What types of apps do you use frequently (everyday/weekly) on your smartphone?-Movie,app_type,movie,app_type_movie,app_type_movie
Q22 - What types of apps do you use frequently (everyday/weekly) on your smartphone?-Business,app_type,business,app_type_business,app_type_business
Q22 - What types of apps do you use frequently (everyday/weekly) on your smartphone?-Games,app_type,games,app_type_games,app_type_games
Q22 - What types of apps do you use frequently (everyday/weekly) on your smartphone?-Productivity,app_type,productivity,app_type_productivity,app_type_productivity
Q22 - What types of apps do you use frequently (everyday/weekly) on your smartphone?-Sports,app_type,sports,app_type_sports,app_type_sports
Q22 - What types of apps do you use frequently (everyday/weekly) on your smartphone?-Weather,app_type,weather,app_type_weather,app_type_weather
Q22 - What types of apps do you use frequently (everyday/weekly) on your smartphone?-Browser,app_type,browser,app_type_browser,app_type_browser
Q22 - What types of apps do you use frequently (everyday/weekly) on your smartphone?-VOIP,app_type,voip,app_type_voip,app_type_voip
Q22 - What types of apps do you use frequently (everyday/weekly) on your smartphone?-Dating,app_type,dating,app_type_dating,app_type_dating
Q22 - What types of apps do you use frequently (everyday/weekly) on your smartphone?-Messaging,app_type,messaging,app_type_messaging,app_type_messaging
Q22 - What types of apps do you use frequently (everyday/weekly) on your smartphone?-Mobile payment,app_type,payment,app_type_payment,app_type_payment
Q22 - What types of apps do you use frequently (everyday/weekly) on your smartphone?-Education,app_type,education,app_type_education,app_type_education
Q22 - What types of apps do you use frequently (everyday/weekly) on your smartphone?-Tickets,app_type,tickets,app_type_tickets,app_type_tickets
Q22 - What types of apps do you use frequently (everyday/weekly) on your smartphone?-Reservations,app_type,reservations,app_type_reservations,app_type_reservations
Q22 - What types of apps do you use frequently (everyday/weekly) on your smartphone?-Special interest/Hobby apps,app_type,special_interest,app_type_special_interest,app_type_special_interest
Q22 - What types of apps do you use frequently (everyday/weekly) on your smartphone?-I do not use any of the above types of apps on a frequent (everyday/weekly) basis.,app_type,none,app_type_none,app_type_none
Q22 - What types of apps do you use frequently (everyday/weekly) on your smartphone?-Don't Know,app_type,unknown,app_type_unknown,app_type_unknown
Q26 - Which of the following subscriptions does your household purchase?-Pay TV (traditional cable and/or satellite bundle),subscriber,cable,subscriber_cable,subscriber_cable
Q26 - Which of the following subscriptions does your household purchase?-Home internet,subscriber,internet,subscriber_internet,subscriber_internet
Q26 - Which of the following subscriptions does your household purchase?-Landline telephone,subscriber,landline,subscriber_landline,subscriber_landline
Q26 - Which of the following subscriptions does your household purchase?-Mobile voice (smartphone or basic mobile phone calling plan),subscriber,voice,subscriber_voice,subscriber_voice
Q26 - Which of the following subscriptions does your household purchase?-Mobile data plan,subscriber,data,subscriber_data,subscriber_data
Q26 - Which of the following subscriptions does your household purchase?-Streaming video service,subscriber,streaming_video,subscriber_streaming_video,subscriber_streaming_video
Q26 - Which of the following subscriptions does your household purchase?-Streaming music service,subscriber,streaming_music,subscriber_streaming_music,subscriber_streaming_music
Q26 - Which of the following subscriptions does your household purchase?-Gaming,subscriber,gaming,subscriber_gaming,subscriber_gaming
Q26 - Which of the following subscriptions does your household purchase?-News/Newspaper (print or digital),subscriber,newspaper,subscriber_newspaper,subscriber_newspaper
Q26 - Which of the following subscriptions does your household purchase?-Magazine (print or digital),subscriber,magezine,subscriber_magezine,subscriber_magezine
Q26 - Which of the following subscriptions does your household purchase?-None of the above,subscriber,none,subscriber_none,subscriber_none
Q26 - Which of the following subscriptions does your household purchase?-Don't Know,subscriber,unknown,subscriber_unknown,subscriber_unknown
"Q36r1 - Pay TV (traditional cable and/or satellite bundle) - Of the services you indicated your household purchases, which [totalcount] do you value the most?Please rank the top [totalcount], with ""1"" being the most valued. Make your selections by clicking",rank_services,cable,rank_services_cable,rank_services_cable
"Q36r2 - Home internet - Of the services you indicated your household purchases, which [totalcount] do you value the most?Please rank the top [totalcount], with ""1"" being the most valued. Make your selections by clicking each item in the order you wish to r",rank_services,internet,rank_services_internet,rank_services_internet
"Q36r3 - Landline telephone - Of the services you indicated your household purchases, which [totalcount] do you value the most?Please rank the top [totalcount], with ""1"" being the most valued. Make your selections by clicking each item in the order you wish",rank_services,landline,rank_services_landline,rank_services_landline
"Q36r4 - Mobile voice - Of the services you indicated your household purchases, which [totalcount] do you value the most?Please rank the top [totalcount], with ""1"" being the most valued. Make your selections by clicking each item in the order you wish to ra",rank_services,voice,rank_services_voice,rank_services_voice
"Q36r5 - Mobile data plan - Of the services you indicated your household purchases, which [totalcount] do you value the most?Please rank the top [totalcount], with ""1"" being the most valued. Make your selections by clicking each item in the order you wish t",rank_services,data,rank_services_data,rank_services_data
"Q36r6 - Streaming video service - Of the services you indicated your household purchases, which [totalcount] do you value the most?Please rank the top [totalcount], with ""1"" being the most valued. Make",rank_services,streaming_video,rank_services_streaming_video,rank_services_streaming_video
"Q36r7 - Streaming music service - Of the services you indicated your household purchases, which [totalcount] do you value the most?Please rank the top [totalcount], with ""1"" being the most valued. Make your selections by clicking each item",rank_services,streaming_music,rank_services_streaming_music,rank_services_streaming_music
"Q36r8 - Gaming - Of the services you indicated your household purchases, which [totalcount] do you value the most?Please rank the top [totalcount], with ""1"" being the most valued. Make your selections by clicki",rank_services,gaming,rank_services_gaming,rank_services_gaming
"Q36r9 - News/Newspaper (print or digital) - Of the services you indicated your household purchases, which [totalcount] do you value the most?Please rank the top [totalcount], with ""1"" being the most valued. Make your selections by clicking each item in the",rank_services,newspaper,rank_services_newspaper,rank_services_newspaper
"Q36r10 - Magazine (print or digital) - Of the services you indicated your household purchases, which [totalcount] do you value the most?Please rank the top [totalcount], with ""1"" being the most valued. Make your selections by clicking each item in the orde",rank_services,magezine,rank_services_magezine,rank_services_magezine
"Q29 - You said that you subscribe to home Internet access, how much more would you be willing to pay to receive double your download speed?",amt_willing_to_double_internet_speed,,amt_willing_to_double_internet_speed,amt_willing_to_double_internet_speed
"Q37r1 - Attending live performances (sporting events, concerts, or stage (musical, dramatic, or other)) - For the following types of entertainment activities, please rank your top three, with ""1"" being the most preferred.Please rank the top three, with â€œ",rank_entertainment,live_performance,rank_entertainment_live_performance,rank_entertainment_live_performance
"Q37r2 - Going to the movies - For the following types of entertainment activities, please rank your top three, with ""1"" being the most preferred.Please rank the top three, with â€œ1â€ being the most preferred. Make your selections by clicking each item in",rank_entertainment,movies,rank_entertainment_movies,rank_entertainment_movies
"Q37r3 - Watching television (video content on any device) - For the following types of entertainment activities, please rank your top three, with ""1"" being the most preferred.Please rank the top three, with â€œ1â€ being the most preferred. Make your selec",rank_entertainment,tv,rank_entertainment_tv,rank_entertainment_tv
"Q37r4 - Listening to music (using any device) - For the following types of entertainment activities, please rank your top three, with ""1"" being the most preferred.Please rank the top three, with â€œ1â€ being the most preferred. Make your selections by cli",rank_entertainment,music,rank_entertainment_music,rank_entertainment_music
"Q37r5 - Reading books (either physical books or via an e-book reader and/or online) - For the following types of entertainment activities, please rank your top three, with ""1"" being the most preferred.Please rank the top three, with â€œ1â€ being the most",rank_entertainment,books,rank_entertainment_books,rank_entertainment_books
"Q37r6 - Reading magazines (either printed or online) - For the following types of entertainment activities, please rank your top three, with ""1"" being the most preferred.Please rank the top three, with â€œ1â€ being the most preferred. Make your selections",rank_entertainment,magezines,rank_entertainment_magezines,rank_entertainment_magezines
"Q37r7 - Reading newspapers (either printed or online) - For the following types of entertainment activities, please rank your top three, with ""1"" being the most preferred.Please rank the top three, with â€œ1â€ being the most preferred. Make your selection",rank_entertainment,news,rank_entertainment_news,rank_entertainment_news
"Q37r8 - Listening to the radio (any format and/or device) - For the following types of entertainment activities, please rank your top three, with ""1"" being the most preferred.Please rank the top three, with â€œ1â€ being the most preferred. Make your selec",rank_entertainment,radio,rank_entertainment_radio,rank_entertainment_radio
"Q37r9 - Playing video games (handhelds, PC, console, mobile/cellular/smartphone, online) - For the following types of entertainment activities, please rank your top three, with ""1"" being the most preferred.Please rank the top three, with â€œ1â€ being the",rank_entertainment,video_games,rank_entertainment_video_games,rank_entertainment_video_games
"Q37r10 - Using the Internet for social or personal interests - For the following types of entertainment activities, please rank your top three, with ""1"" being the most preferred.Please rank the top three, with â€œ1â€ being the most preferred. Make your se",rank_entertainment,internet,rank_entertainment_internet,rank_entertainment_internet
"QNEW19r1 - Rent a physical DVD/Blu-ray - Thinking about how you watch movies, how frequently do you do each of the following?",watch_movies,rent_physical,watch_movies_rent_physical,watch_movies_rent_physical
"QNEW19r2 - Purchase a physical DVD/Blu-ray - Thinking about how you watch movies, how frequently do you do each of the following?",watch_movies,purchase_physical,watch_movies_purchase_physical,watch_movies_purchase_physical
"QNEW19r3 - Purchase digital video entertainment to download onto your device via online service - Thinking about how you watch movies, how frequently do you do each of the following?",watch_movies,purchase_digital,watch_movies_purchase_digital,watch_movies_purchase_digital
"QNEW19r4 - Rent digital video entertainment where a digital file is downloaded to your device - Thinking about how you watch movies, how frequently do you do each of the following?",watch_movies,rent_digitial,watch_movies_rent_digitial,watch_movies_rent_digitial
"QNEW19r5 - Watch digital video entertainment via an online streaming service - Thinking about how you watch movies, how frequently do you do each of the following?",watch_movies,stream_digitial,watch_movies_stream_digitial,watch_movies_stream_digitial
"QNEW19r6 - Purchase/rent a video via your television service provider's On-Demand or Pay-Per-View service (i.e., via a set-top-box) - Thinking about how you watch movies, how frequently do you do each of the following?",watch_movies,pay_per_view,watch_movies_pay_per_view,watch_movies_pay_per_view
"QNEW20r1 - Rent a physical DVD/Blu-ray - Thinking about how you watch television programming, how frequently do you do each of the following?",watch_tv,rent_physical,watch_tv_rent_physical,watch_tv_rent_physical
"QNEW20r2 - Purchase a physical DVD/Blu-ray - Thinking about how you watch television programming, how frequently do you do each of the following?",watch_tv,purchase_physical,watch_tv_purchase_physical,watch_tv_purchase_physical
"QNEW20r3 - Purchase digital video entertainment to download onto your device via online service - Thinking about how you watch television programming, how frequently do you do each of the following?",watch_tv,purchase_digital,watch_tv_purchase_digital,watch_tv_purchase_digital
"QNEW20r4 - Watch digital video entertainment via an online streaming service - Thinking about how you watch television programming, how frequently do you do each of the following?",watch_tv,stream_digitial,watch_tv_stream_digitial,watch_tv_stream_digitial
"QNEW20r5 - Purchase/rent a video via your television service provider's On-Demand or Pay-Per-View service (i.e., via a set-top-box) - Thinking about how you watch television programming, how frequently do you do each of the following?",watch_tv,pay_per_view,watch_tv_pay_per_view,watch_tv_pay_per_view
"QNEW24 - Do you ever ""binge-watch"" television shows, meaning watching three or more episodes of a TV series in one sitting?",binge_watch,,binge_watch,binge_watch
QNEW28 - How frequently do you use a friend or family member's (someone not living in your household) subscription login information to watch digital content?,password_sharing_freq,,password_sharing_freq,password_sharing_freq
"QNEW29 - When you use a friend or family member's subscription login information to watch digital content, what type of content do you most often watch?",password_sharing_content,,password_sharing_content,password_sharing_content
Q73r2 - Read for work and/or school - Which are things you typically do while watching your home television system?,activity_while_watching_tv,work,activity_while_watching_tv_work,activity_while_watching_tv_work
Q73r3 - Read for pleasure - Which are things you typically do while watching your home television system?,activity_while_watching_tv,reading,activity_while_watching_tv_reading,activity_while_watching_tv_reading
Q73r4 - Browse and surf the Web - Which are things you typically do while watching your home television system?,activity_while_watching_tv,web,activity_while_watching_tv_web,activity_while_watching_tv_web
Q73r5 - Microblogging - Which are things you typically do while watching your home television system?,activity_while_watching_tv,twitter,activity_while_watching_tv_twitter,activity_while_watching_tv_twitter
Q73r6 - Read email - Which are things you typically do while watching your home television system?,activity_while_watching_tv,read_email,activity_while_watching_tv_read_email,activity_while_watching_tv_read_email
Q73r7 - Write email - Which are things you typically do while watching your home television system?,activity_while_watching_tv,write_email,activity_while_watching_tv_write_email,activity_while_watching_tv_write_email
Q73r8 - Text message - Which are things you typically do while watching your home television system?,activity_while_watching_tv,text,activity_while_watching_tv_text,activity_while_watching_tv_text
Q73r9 - Use a social network - Which are things you typically do while watching your home television system?,activity_while_watching_tv,social_network,activity_while_watching_tv_social_network,activity_while_watching_tv_social_network
Q73r10 - Talk on the phone - Which are things you typically do while watching your home television system?,activity_while_watching_tv,phone,activity_while_watching_tv_phone,activity_while_watching_tv_phone
Q73r11 - Browse for products and services online - Which are things you typically do while watching your home television system?,activity_while_watching_tv,browse_products,activity_while_watching_tv_browse_products,activity_while_watching_tv_browse_products
Q73r12 - Purchase products and services online - Which are things you typically do while watching your home television system?,activity_while_watching_tv,purchase_products,activity_while_watching_tv_purchase_products,activity_while_watching_tv_purchase_products
Q73r13 - Play video games - Which are things you typically do while watching your home television system?,activity_while_watching_tv,video_games,activity_while_watching_tv_video_games,activity_while_watching_tv_video_games
"Q39r1 - I would rather pay for news online in exchange for not being exposed to advertisements. - Using the scale below, please indicate how much you agree or disagree with the following statements. If the question does not apply to you, choose ""N/A.""",willing_to_pay_no_ads,news,willing_to_pay_no_ads_news,willing_to_pay_no_ads_news
"Q39rNEW1 - I would rather pay for sports information online in exchange for not being exposed to advertisements. - Using the scale below, please indicate how much you agree or disagree with the following statements. If the question does not apply to you, c",willing_to_pay_no_ads,sports,willing_to_pay_no_ads_sports,willing_to_pay_no_ads_sports
"Q39rNEW2 - I would rather pay for games online in exchange for not being exposed to advertisements. - Using the scale below, please indicate how much you agree or disagree with the following statements. If the question does not apply to you, choose ""N/A.""",willing_to_pay_no_ads,games,willing_to_pay_no_ads_games,willing_to_pay_no_ads_games
"Q39rNEW3 - I would rather pay for music online in exchange for not being exposed to advertisements. - Using the scale below, please indicate how much you agree or disagree with the following statements. If the question does not apply to you, choose ""N/A.""",willing_to_pay_no_ads,music,willing_to_pay_no_ads_music,willing_to_pay_no_ads_music
"Q39rNEW4 - I would rather pay for TV shows online in exchange for not being exposed to advertisements. - Using the scale below, please indicate how much you agree or disagree with the following statements. If the question does not apply to you, choose ""N/A",willing_to_pay_no_ads,tv,willing_to_pay_no_ads_tv,willing_to_pay_no_ads_tv
"Q39rNEW5 - I would rather pay for movies online in exchange for not being exposed to advertisements. - Using the scale below, please indicate how much you agree or disagree with the following statements. If the question does not apply to you, choose ""N/A.""",willing_to_pay_no_ads,movies,willing_to_pay_no_ads_movies,willing_to_pay_no_ads_movies
"Q39r2 - I would be willing to provide more personal information online if that meant I could receive advertising more targeted to my needs and interests. - Using the scale below, please indicate how much you agree or disagree with the following statements.",target_ads,,target_ads,target_ads
"Q39r3 - By providing more personal information online, I am worried about becoming a victim of identity theft. - Using the scale below, please indicate how much you agree or disagree with the following statements. If the question does not apply to you, cho",worried_identity_theft,,worried_identity_theft,worried_identity_theft
"Q39r4 - I would be willing to view advertising with my streaming video programming if it significantly reduced the cost of the subscription.(e.g., reduced subscription cost by 25%) - Using the scale below, please indicate how much you agree or disagree wit",ads_cheaper_subscription,,ads_cheaper_subscription,ads_cheaper_subscription
Q89 - Which of the following is your most frequently used mechanism to get news?,news_source,,news_source,news_source
FINAL WEIGHTS,final_weights,,final_weights,final_weights